,filename,compressor,cBW,dBW,CR,normalize_time,diff_time,comp_time,encoding_time,de_comp_time,total_time,thread,uncompressed_size_bytes,compressed_size_bytes,decompressed_size_bytes,compression_level,split
0,imgs/*.png,zstd,19.95218749493911,569.7116503370991,19.079980647156063,0.045315689510769315,1.6689300537109375e-06,40.762043396631874,40.80736311276754,1.42913728290134,42.23650254143609,1,814196160,42672798,814196160,9,Test
1,imgs/*.png,blosclz,1613.4290277634152,553.4149177722003,4.846039001822439,0.0624437861972385,1.2185838487413194e-06,0.44219038221571183,0.5046371089087592,1.471221923828125,1.9758612314860027,1,814196160,168012713,814196160,9,Test
2,imgs/*.png,lz4,1277.4381032731,572.8153876493935,5.075472703624365,0.05991999308268229,1.6954210069444444e-06,0.5774420897165934,0.637366427315606,1.4213936593797472,2.058762311935425,1,814196160,160417799,814196160,9,Test
3,imgs/*.png,lz4hc,20.08721029160592,714.7468865142649,10.586126640082128,0.0590203603108724,1.3245476616753472e-06,40.47403899828593,40.53306298785739,1.1391391489240859,41.67220457394918,1,814196160,76911621,814196160,9,Test
4,imgs/*.png,zlib,29.67581192987573,768.7561217109752,16.924738128353354,0.05876832538180881,1.3245476616753472e-06,27.37758466932509,27.436356650458443,1.0591085222032335,28.495467556847466,1,814196160,48106869,814196160,9,Test
